Continent,variable,value
South America,# of Subscribers Q1 2020,"4,500,000"
Oceania,# of Subscribers Q1 2020,0
Europe,# of Subscribers Q1 2020,0
Europe,# of Subscribers Q1 2020,0
South America,# of Subscribers Q1 2020,0
Europe,# of Subscribers Q1 2020,0
North America,# of Subscribers Q1 2020,0
South America,# of Subscribers Q1 2020,"839,979"
South America,# of Subscribers Q1 2020,"2,424,619"
North America,# of Subscribers Q1 2020,"264,337"
Europe,# of Subscribers Q1 2020,0
Europe,# of Subscribers Q1 2020,0
Europe,# of Subscribers Q1 2020,0
Europe,# of Subscribers Q1 2020,0
Europe,# of Subscribers Q1 2020,0
Europe,# of Subscribers Q1 2020,0
Europe,# of Subscribers Q1 2020,0
Europe,# of Subscribers Q1 2020,0
Europe,# of Subscribers Q1 2020,0
Europe,# of Subscribers Q1 2020,0
Asia,# of Subscribers Q1 2020,0
Asia,# of Subscribers Q1 2020,0
Europe,# of Subscribers Q1 2020,0
Europe,# of Subscribers Q1 2020,0
Asia,# of Subscribers Q1 2020,0
Europe,# of Subscribers Q1 2020,0
Europe,# of Subscribers Q1 2020,0
Europe,# of Subscribers Q1 2020,0
Europe,# of Subscribers Q1 2020,0
North America,# of Subscribers Q1 2020,"7,409,071"
Europe,# of Subscribers Q1 2020,0
Oceania,# of Subscribers Q1 2020,0
Europe,# of Subscribers Q1 2020,0
Europe,# of Subscribers Q1 2020,0
Europe,# of Subscribers Q1 2020,0
Europe,# of Subscribers Q1 2020,0
Europe,# of Subscribers Q1 2020,0
Asia,# of Subscribers Q1 2020,0
Europe,# of Subscribers Q1 2020,0
Europe,# of Subscribers Q1 2020,0
Africa,# of Subscribers Q1 2020,0
Asia,# of Subscribers Q1 2020,0
Europe,# of Subscribers Q1 2020,0
Europe,# of Subscribers Q1 2020,0
Europe,# of Subscribers Q1 2020,0
Asia,# of Subscribers Q1 2020,0
Asia,# of Subscribers Q1 2020,"365,245"
Europe,# of Subscribers Q1 2020,0
North America,# of Subscribers Q1 2020,0
Asia,# of Subscribers Q1 2020,0
South America,Average Monthly Revenue per Paying Membership - Q1 2020 ($),8.05
Oceania,Average Monthly Revenue per Paying Membership - Q1 2020 ($),0.0
Europe,Average Monthly Revenue per Paying Membership - Q1 2020 ($),0.0
Europe,Average Monthly Revenue per Paying Membership - Q1 2020 ($),0.0
South America,Average Monthly Revenue per Paying Membership - Q1 2020 ($),0.0
Europe,Average Monthly Revenue per Paying Membership - Q1 2020 ($),0.0
North America,Average Monthly Revenue per Paying Membership - Q1 2020 ($),0.0
South America,Average Monthly Revenue per Paying Membership - Q1 2020 ($),8.05
South America,Average Monthly Revenue per Paying Membership - Q1 2020 ($),8.05
North America,Average Monthly Revenue per Paying Membership - Q1 2020 ($),8.05
Europe,Average Monthly Revenue per Paying Membership - Q1 2020 ($),0.0
Europe,Average Monthly Revenue per Paying Membership - Q1 2020 ($),0.0
Europe,Average Monthly Revenue per Paying Membership - Q1 2020 ($),0.0
Europe,Average Monthly Revenue per Paying Membership - Q1 2020 ($),0.0
Europe,Average Monthly Revenue per Paying Membership - Q1 2020 ($),0.0
Europe,Average Monthly Revenue per Paying Membership - Q1 2020 ($),0.0
Europe,Average Monthly Revenue per Paying Membership - Q1 2020 ($),0.0
Europe,Average Monthly Revenue per Paying Membership - Q1 2020 ($),0.0
Europe,Average Monthly Revenue per Paying Membership - Q1 2020 ($),0.0
Europe,Average Monthly Revenue per Paying Membership - Q1 2020 ($),0.0
Asia,Average Monthly Revenue per Paying Membership - Q1 2020 ($),0.0
Asia,Average Monthly Revenue per Paying Membership - Q1 2020 ($),0.0
Europe,Average Monthly Revenue per Paying Membership - Q1 2020 ($),0.0
Europe,Average Monthly Revenue per Paying Membership - Q1 2020 ($),0.0
Asia,Average Monthly Revenue per Paying Membership - Q1 2020 ($),0.0
Europe,Average Monthly Revenue per Paying Membership - Q1 2020 ($),0.0
Europe,Average Monthly Revenue per Paying Membership - Q1 2020 ($),0.0
Europe,Average Monthly Revenue per Paying Membership - Q1 2020 ($),0.0
Europe,Average Monthly Revenue per Paying Membership - Q1 2020 ($),0.0
North America,Average Monthly Revenue per Paying Membership - Q1 2020 ($),8.05
Europe,Average Monthly Revenue per Paying Membership - Q1 2020 ($),0.0
Oceania,Average Monthly Revenue per Paying Membership - Q1 2020 ($),0.0
Europe,Average Monthly Revenue per Paying Membership - Q1 2020 ($),0.0
Europe,Average Monthly Revenue per Paying Membership - Q1 2020 ($),0.0
Europe,Average Monthly Revenue per Paying Membership - Q1 2020 ($),0.0
Europe,Average Monthly Revenue per Paying Membership - Q1 2020 ($),0.0
Europe,Average Monthly Revenue per Paying Membership - Q1 2020 ($),0.0
Asia,Average Monthly Revenue per Paying Membership - Q1 2020 ($),0.0
Europe,Average Monthly Revenue per Paying Membership - Q1 2020 ($),0.0
Europe,Average Monthly Revenue per Paying Membership - Q1 2020 ($),0.0
Africa,Average Monthly Revenue per Paying Membership - Q1 2020 ($),0.0
Asia,Average Monthly Revenue per Paying Membership - Q1 2020 ($),0.0
Europe,Average Monthly Revenue per Paying Membership - Q1 2020 ($),0.0
Europe,Average Monthly Revenue per Paying Membership - Q1 2020 ($),0.0
Europe,Average Monthly Revenue per Paying Membership - Q1 2020 ($),0.0
Asia,Average Monthly Revenue per Paying Membership - Q1 2020 ($),0.0
Asia,Average Monthly Revenue per Paying Membership - Q1 2020 ($),10.4
Europe,Average Monthly Revenue per Paying Membership - Q1 2020 ($),0.0
North America,Average Monthly Revenue per Paying Membership - Q1 2020 ($),0.0
Asia,Average Monthly Revenue per Paying Membership - Q1 2020 ($),0.0
South America,Q1 2020 Revenue $,"108,675,000"
Oceania,Q1 2020 Revenue $,0
Europe,Q1 2020 Revenue $,0
Europe,Q1 2020 Revenue $,0
South America,Q1 2020 Revenue $,0
Europe,Q1 2020 Revenue $,0
North America,Q1 2020 Revenue $,0
South America,Q1 2020 Revenue $,"20,285,486"
South America,Q1 2020 Revenue $,"58,554,542"
North America,Q1 2020 Revenue $,"6,383,729"
Europe,Q1 2020 Revenue $,0
Europe,Q1 2020 Revenue $,0
Europe,Q1 2020 Revenue $,0
Europe,Q1 2020 Revenue $,0
Europe,Q1 2020 Revenue $,0
Europe,Q1 2020 Revenue $,0
Europe,Q1 2020 Revenue $,0
Europe,Q1 2020 Revenue $,0
Europe,Q1 2020 Revenue $,0
Europe,Q1 2020 Revenue $,0
Asia,Q1 2020 Revenue $,0
Asia,Q1 2020 Revenue $,0
Europe,Q1 2020 Revenue $,0
Europe,Q1 2020 Revenue $,0
Asia,Q1 2020 Revenue $,0
Europe,Q1 2020 Revenue $,0
Europe,Q1 2020 Revenue $,0
Europe,Q1 2020 Revenue $,0
Europe,Q1 2020 Revenue $,0
North America,Q1 2020 Revenue $,"178,929,062"
Europe,Q1 2020 Revenue $,0
Oceania,Q1 2020 Revenue $,0
Europe,Q1 2020 Revenue $,0
Europe,Q1 2020 Revenue $,0
Europe,Q1 2020 Revenue $,0
Europe,Q1 2020 Revenue $,0
Europe,Q1 2020 Revenue $,0
Asia,Q1 2020 Revenue $,0
Europe,Q1 2020 Revenue $,0
Europe,Q1 2020 Revenue $,0
Africa,Q1 2020 Revenue $,0
Asia,Q1 2020 Revenue $,0
Europe,Q1 2020 Revenue $,0
Europe,Q1 2020 Revenue $,0
Europe,Q1 2020 Revenue $,0
Asia,Q1 2020 Revenue $,0
Asia,Q1 2020 Revenue $,"11,395,632"
Europe,Q1 2020 Revenue $,0
North America,Q1 2020 Revenue $,0
Asia,Q1 2020 Revenue $,0
South America,# of Subscribers Q2 2020,"4,729,500"
Oceania,# of Subscribers Q2 2020,0
Europe,# of Subscribers Q2 2020,0
Europe,# of Subscribers Q2 2020,0
South America,# of Subscribers Q2 2020,"17,000,000"
Europe,# of Subscribers Q2 2020,0
North America,# of Subscribers Q2 2020,0
South America,# of Subscribers Q2 2020,"882,818"
South America,# of Subscribers Q2 2020,"2,548,274"
North America,# of Subscribers Q2 2020,"277,818"
Europe,# of Subscribers Q2 2020,0
Europe,# of Subscribers Q2 2020,0
Europe,# of Subscribers Q2 2020,0
Europe,# of Subscribers Q2 2020,0
Europe,# of Subscribers Q2 2020,0
Europe,# of Subscribers Q2 2020,0
Europe,# of Subscribers Q2 2020,0
Europe,# of Subscribers Q2 2020,0
Europe,# of Subscribers Q2 2020,0
Europe,# of Subscribers Q2 2020,0
Asia,# of Subscribers Q2 2020,0
Asia,# of Subscribers Q2 2020,0
Europe,# of Subscribers Q2 2020,0
Europe,# of Subscribers Q2 2020,0
Asia,# of Subscribers Q2 2020,0
Europe,# of Subscribers Q2 2020,0
Europe,# of Subscribers Q2 2020,0
Europe,# of Subscribers Q2 2020,0
Europe,# of Subscribers Q2 2020,0
North America,# of Subscribers Q2 2020,"7,786,934"
Europe,# of Subscribers Q2 2020,0
Oceania,# of Subscribers Q2 2020,0
Europe,# of Subscribers Q2 2020,"1,761,539"
Europe,# of Subscribers Q2 2020,0
Europe,# of Subscribers Q2 2020,0
Europe,# of Subscribers Q2 2020,0
Europe,# of Subscribers Q2 2020,0
Asia,# of Subscribers Q2 2020,0
Europe,# of Subscribers Q2 2020,0
Europe,# of Subscribers Q2 2020,0
Africa,# of Subscribers Q2 2020,0
Asia,# of Subscribers Q2 2020,0
Europe,# of Subscribers Q2 2020,0
Europe,# of Subscribers Q2 2020,0
Europe,# of Subscribers Q2 2020,0
Asia,# of Subscribers Q2 2020,0
Asia,# of Subscribers Q2 2020,"382,338"
Europe,# of Subscribers Q2 2020,0
North America,# of Subscribers Q2 2020,0
Asia,# of Subscribers Q2 2020,0
South America,Average Monthly Revenue per Paying Membership - Q2 2020 ($),7.44
Oceania,Average Monthly Revenue per Paying Membership - Q2 2020 ($),0.0
Europe,Average Monthly Revenue per Paying Membership - Q2 2020 ($),0.0
Europe,Average Monthly Revenue per Paying Membership - Q2 2020 ($),0.0
South America,Average Monthly Revenue per Paying Membership - Q2 2020 ($),7.44
Europe,Average Monthly Revenue per Paying Membership - Q2 2020 ($),0.0
North America,Average Monthly Revenue per Paying Membership - Q2 2020 ($),0.0
South America,Average Monthly Revenue per Paying Membership - Q2 2020 ($),7.44
South America,Average Monthly Revenue per Paying Membership - Q2 2020 ($),7.44
North America,Average Monthly Revenue per Paying Membership - Q2 2020 ($),7.44
Europe,Average Monthly Revenue per Paying Membership - Q2 2020 ($),0.0
Europe,Average Monthly Revenue per Paying Membership - Q2 2020 ($),0.0
Europe,Average Monthly Revenue per Paying Membership - Q2 2020 ($),0.0
Europe,Average Monthly Revenue per Paying Membership - Q2 2020 ($),0.0
Europe,Average Monthly Revenue per Paying Membership - Q2 2020 ($),0.0
Europe,Average Monthly Revenue per Paying Membership - Q2 2020 ($),0.0
Europe,Average Monthly Revenue per Paying Membership - Q2 2020 ($),0.0
Europe,Average Monthly Revenue per Paying Membership - Q2 2020 ($),0.0
Europe,Average Monthly Revenue per Paying Membership - Q2 2020 ($),0.0
Europe,Average Monthly Revenue per Paying Membership - Q2 2020 ($),0.0
Asia,Average Monthly Revenue per Paying Membership - Q2 2020 ($),0.0
Asia,Average Monthly Revenue per Paying Membership - Q2 2020 ($),0.0
Europe,Average Monthly Revenue per Paying Membership - Q2 2020 ($),0.0
Europe,Average Monthly Revenue per Paying Membership - Q2 2020 ($),0.0
Asia,Average Monthly Revenue per Paying Membership - Q2 2020 ($),0.0
Europe,Average Monthly Revenue per Paying Membership - Q2 2020 ($),0.0
Europe,Average Monthly Revenue per Paying Membership - Q2 2020 ($),0.0
Europe,Average Monthly Revenue per Paying Membership - Q2 2020 ($),0.0
Europe,Average Monthly Revenue per Paying Membership - Q2 2020 ($),0.0
North America,Average Monthly Revenue per Paying Membership - Q2 2020 ($),7.44
Europe,Average Monthly Revenue per Paying Membership - Q2 2020 ($),0.0
Oceania,Average Monthly Revenue per Paying Membership - Q2 2020 ($),0.0
Europe,Average Monthly Revenue per Paying Membership - Q2 2020 ($),10.5
Europe,Average Monthly Revenue per Paying Membership - Q2 2020 ($),0.0
Europe,Average Monthly Revenue per Paying Membership - Q2 2020 ($),0.0
Europe,Average Monthly Revenue per Paying Membership - Q2 2020 ($),0.0
Europe,Average Monthly Revenue per Paying Membership - Q2 2020 ($),0.0
Asia,Average Monthly Revenue per Paying Membership - Q2 2020 ($),0.0
Europe,Average Monthly Revenue per Paying Membership - Q2 2020 ($),0.0
Europe,Average Monthly Revenue per Paying Membership - Q2 2020 ($),0.0
Africa,Average Monthly Revenue per Paying Membership - Q2 2020 ($),0.0
Asia,Average Monthly Revenue per Paying Membership - Q2 2020 ($),0.0
Europe,Average Monthly Revenue per Paying Membership - Q2 2020 ($),0.0
Europe,Average Monthly Revenue per Paying Membership - Q2 2020 ($),0.0
Europe,Average Monthly Revenue per Paying Membership - Q2 2020 ($),0.0
Asia,Average Monthly Revenue per Paying Membership - Q2 2020 ($),0.0
Asia,Average Monthly Revenue per Paying Membership - Q2 2020 ($),10.5
Europe,Average Monthly Revenue per Paying Membership - Q2 2020 ($),0.0
North America,Average Monthly Revenue per Paying Membership - Q2 2020 ($),0.0
Asia,Average Monthly Revenue per Paying Membership - Q2 2020 ($),0.0
South America,Q2 2020 Revenue $,"105,562,440"
Oceania,Q2 2020 Revenue $,0
Europe,Q2 2020 Revenue $,0
Europe,Q2 2020 Revenue $,0
South America,Q2 2020 Revenue $,"379,440,000"
Europe,Q2 2020 Revenue $,0
North America,Q2 2020 Revenue $,0
South America,Q2 2020 Revenue $,"19,704,489"
South America,Q2 2020 Revenue $,"56,877,482"
North America,Q2 2020 Revenue $,"6,200,893"
Europe,Q2 2020 Revenue $,0
Europe,Q2 2020 Revenue $,0
Europe,Q2 2020 Revenue $,0
Europe,Q2 2020 Revenue $,0
Europe,Q2 2020 Revenue $,0
Europe,Q2 2020 Revenue $,0
Europe,Q2 2020 Revenue $,0
Europe,Q2 2020 Revenue $,0
Europe,Q2 2020 Revenue $,0
Europe,Q2 2020 Revenue $,0
Asia,Q2 2020 Revenue $,0
Asia,Q2 2020 Revenue $,0
Europe,Q2 2020 Revenue $,0
Europe,Q2 2020 Revenue $,0
Asia,Q2 2020 Revenue $,0
Europe,Q2 2020 Revenue $,0
Europe,Q2 2020 Revenue $,0
Europe,Q2 2020 Revenue $,0
Europe,Q2 2020 Revenue $,0
North America,Q2 2020 Revenue $,"173,804,356"
Europe,Q2 2020 Revenue $,0
Oceania,Q2 2020 Revenue $,0
Europe,Q2 2020 Revenue $,"55,488,479"
Europe,Q2 2020 Revenue $,0
Europe,Q2 2020 Revenue $,0
Europe,Q2 2020 Revenue $,0
Europe,Q2 2020 Revenue $,0
Asia,Q2 2020 Revenue $,0
Europe,Q2 2020 Revenue $,0
Europe,Q2 2020 Revenue $,0
Africa,Q2 2020 Revenue $,0
Asia,Q2 2020 Revenue $,0
Europe,Q2 2020 Revenue $,0
Europe,Q2 2020 Revenue $,0
Europe,Q2 2020 Revenue $,0
Asia,Q2 2020 Revenue $,0
Asia,Q2 2020 Revenue $,"12,043,648"
Europe,Q2 2020 Revenue $,0
North America,Q2 2020 Revenue $,0
Asia,Q2 2020 Revenue $,0
South America,# of Subscribers Q3 2020,"4,763,079"
Oceania,# of Subscribers Q3 2020,"5,400,000"
Europe,# of Subscribers Q3 2020,0
Europe,# of Subscribers Q3 2020,0
South America,# of Subscribers Q3 2020,"17,120,700"
Europe,# of Subscribers Q3 2020,0
North America,# of Subscribers Q3 2020,0
South America,# of Subscribers Q3 2020,"889,086"
South America,# of Subscribers Q3 2020,"2,566,367"
North America,# of Subscribers Q3 2020,"279,790"
Europe,# of Subscribers Q3 2020,0
Europe,# of Subscribers Q3 2020,0
Europe,# of Subscribers Q3 2020,0
Europe,# of Subscribers Q3 2020,0
Europe,# of Subscribers Q3 2020,0
Europe,# of Subscribers Q3 2020,0
Europe,# of Subscribers Q3 2020,0
Europe,# of Subscribers Q3 2020,0
Europe,# of Subscribers Q3 2020,0
Europe,# of Subscribers Q3 2020,0
Asia,# of Subscribers Q3 2020,0
Asia,# of Subscribers Q3 2020,0
Europe,# of Subscribers Q3 2020,0
Europe,# of Subscribers Q3 2020,0
Asia,# of Subscribers Q3 2020,0
Europe,# of Subscribers Q3 2020,0
Europe,# of Subscribers Q3 2020,0
Europe,# of Subscribers Q3 2020,0
Europe,# of Subscribers Q3 2020,0
North America,# of Subscribers Q3 2020,"7,842,221"
Europe,# of Subscribers Q3 2020,0
Oceania,# of Subscribers Q3 2020,0
Europe,# of Subscribers Q3 2020,"1,783,206"
Europe,# of Subscribers Q3 2020,0
Europe,# of Subscribers Q3 2020,0
Europe,# of Subscribers Q3 2020,0
Europe,# of Subscribers Q3 2020,0
Asia,# of Subscribers Q3 2020,0
Europe,# of Subscribers Q3 2020,0
Europe,# of Subscribers Q3 2020,0
Africa,# of Subscribers Q3 2020,0
Asia,# of Subscribers Q3 2020,0
Europe,# of Subscribers Q3 2020,0
Europe,# of Subscribers Q3 2020,0
Europe,# of Subscribers Q3 2020,"1,298,000"
Asia,# of Subscribers Q3 2020,0
Asia,# of Subscribers Q3 2020,"387,041"
Europe,# of Subscribers Q3 2020,0
North America,# of Subscribers Q3 2020,0
Asia,# of Subscribers Q3 2020,0
South America,Average Monthly Revenue per Paying Membership - Q3 2020 ($),7.27
Oceania,Average Monthly Revenue per Paying Membership - Q3 2020 ($),9.2
Europe,Average Monthly Revenue per Paying Membership - Q3 2020 ($),0.0
Europe,Average Monthly Revenue per Paying Membership - Q3 2020 ($),0.0
South America,Average Monthly Revenue per Paying Membership - Q3 2020 ($),7.27
Europe,Average Monthly Revenue per Paying Membership - Q3 2020 ($),0.0
North America,Average Monthly Revenue per Paying Membership - Q3 2020 ($),0.0
South America,Average Monthly Revenue per Paying Membership - Q3 2020 ($),7.27
South America,Average Monthly Revenue per Paying Membership - Q3 2020 ($),7.27
North America,Average Monthly Revenue per Paying Membership - Q3 2020 ($),7.27
Europe,Average Monthly Revenue per Paying Membership - Q3 2020 ($),0.0
Europe,Average Monthly Revenue per Paying Membership - Q3 2020 ($),0.0
Europe,Average Monthly Revenue per Paying Membership - Q3 2020 ($),0.0
Europe,Average Monthly Revenue per Paying Membership - Q3 2020 ($),0.0
Europe,Average Monthly Revenue per Paying Membership - Q3 2020 ($),0.0
Europe,Average Monthly Revenue per Paying Membership - Q3 2020 ($),0.0
Europe,Average Monthly Revenue per Paying Membership - Q3 2020 ($),0.0
Europe,Average Monthly Revenue per Paying Membership - Q3 2020 ($),0.0
Europe,Average Monthly Revenue per Paying Membership - Q3 2020 ($),0.0
Europe,Average Monthly Revenue per Paying Membership - Q3 2020 ($),0.0
Asia,Average Monthly Revenue per Paying Membership - Q3 2020 ($),0.0
Asia,Average Monthly Revenue per Paying Membership - Q3 2020 ($),0.0
Europe,Average Monthly Revenue per Paying Membership - Q3 2020 ($),0.0
Europe,Average Monthly Revenue per Paying Membership - Q3 2020 ($),0.0
Asia,Average Monthly Revenue per Paying Membership - Q3 2020 ($),0.0
Europe,Average Monthly Revenue per Paying Membership - Q3 2020 ($),0.0
Europe,Average Monthly Revenue per Paying Membership - Q3 2020 ($),0.0
Europe,Average Monthly Revenue per Paying Membership - Q3 2020 ($),0.0
Europe,Average Monthly Revenue per Paying Membership - Q3 2020 ($),0.0
North America,Average Monthly Revenue per Paying Membership - Q3 2020 ($),7.27
Europe,Average Monthly Revenue per Paying Membership - Q3 2020 ($),0.0
Oceania,Average Monthly Revenue per Paying Membership - Q3 2020 ($),0.0
Europe,Average Monthly Revenue per Paying Membership - Q3 2020 ($),10.88
Europe,Average Monthly Revenue per Paying Membership - Q3 2020 ($),0.0
Europe,Average Monthly Revenue per Paying Membership - Q3 2020 ($),0.0
Europe,Average Monthly Revenue per Paying Membership - Q3 2020 ($),0.0
Europe,Average Monthly Revenue per Paying Membership - Q3 2020 ($),0.0
Asia,Average Monthly Revenue per Paying Membership - Q3 2020 ($),0.0
Europe,Average Monthly Revenue per Paying Membership - Q3 2020 ($),0.0
Europe,Average Monthly Revenue per Paying Membership - Q3 2020 ($),0.0
Africa,Average Monthly Revenue per Paying Membership - Q3 2020 ($),0.0
Asia,Average Monthly Revenue per Paying Membership - Q3 2020 ($),0.0
Europe,Average Monthly Revenue per Paying Membership - Q3 2020 ($),0.0
Europe,Average Monthly Revenue per Paying Membership - Q3 2020 ($),0.0
Europe,Average Monthly Revenue per Paying Membership - Q3 2020 ($),10.88
Asia,Average Monthly Revenue per Paying Membership - Q3 2020 ($),0.0
Asia,Average Monthly Revenue per Paying Membership - Q3 2020 ($),10.88
Europe,Average Monthly Revenue per Paying Membership - Q3 2020 ($),0.0
North America,Average Monthly Revenue per Paying Membership - Q3 2020 ($),0.0
Asia,Average Monthly Revenue per Paying Membership - Q3 2020 ($),0.0
South America,Q3 2020 Revenue $,"103,882,763"
Oceania,Q3 2020 Revenue $,"149,040,000"
Europe,Q3 2020 Revenue $,0
Europe,Q3 2020 Revenue $,0
South America,Q3 2020 Revenue $,"373,402,467"
Europe,Q3 2020 Revenue $,0
North America,Q3 2020 Revenue $,0
South America,Q3 2020 Revenue $,"19,390,957"
South America,Q3 2020 Revenue $,"55,972,465"
North America,Q3 2020 Revenue $,"6,102,226"
Europe,Q3 2020 Revenue $,0
Europe,Q3 2020 Revenue $,0
Europe,Q3 2020 Revenue $,0
Europe,Q3 2020 Revenue $,0
Europe,Q3 2020 Revenue $,0
Europe,Q3 2020 Revenue $,0
Europe,Q3 2020 Revenue $,0
Europe,Q3 2020 Revenue $,0
Europe,Q3 2020 Revenue $,0
Europe,Q3 2020 Revenue $,0
Asia,Q3 2020 Revenue $,0
Asia,Q3 2020 Revenue $,0
Europe,Q3 2020 Revenue $,0
Europe,Q3 2020 Revenue $,0
Asia,Q3 2020 Revenue $,0
Europe,Q3 2020 Revenue $,0
Europe,Q3 2020 Revenue $,0
Europe,Q3 2020 Revenue $,0
Europe,Q3 2020 Revenue $,0
North America,Q3 2020 Revenue $,"171,038,834"
Europe,Q3 2020 Revenue $,0
Oceania,Q3 2020 Revenue $,0
Europe,Q3 2020 Revenue $,"58,203,842"
Europe,Q3 2020 Revenue $,0
Europe,Q3 2020 Revenue $,0
Europe,Q3 2020 Revenue $,0
Europe,Q3 2020 Revenue $,0
Asia,Q3 2020 Revenue $,0
Europe,Q3 2020 Revenue $,0
Europe,Q3 2020 Revenue $,0
Africa,Q3 2020 Revenue $,0
Asia,Q3 2020 Revenue $,0
Europe,Q3 2020 Revenue $,0
Europe,Q3 2020 Revenue $,0
Europe,Q3 2020 Revenue $,"42,366,720"
Asia,Q3 2020 Revenue $,0
Asia,Q3 2020 Revenue $,"12,633,012"
Europe,Q3 2020 Revenue $,0
North America,Q3 2020 Revenue $,0
Asia,Q3 2020 Revenue $,0
South America,# of Subscribers Q4 2020,"4,922,643"
Oceania,# of Subscribers Q4 2020,"5,856,300"
Europe,# of Subscribers Q4 2020,0
Europe,# of Subscribers Q4 2020,0
South America,# of Subscribers Q4 2020,"17,694,243"
Europe,# of Subscribers Q4 2020,0
North America,# of Subscribers Q4 2020,0
South America,# of Subscribers Q4 2020,"918,870"
South America,# of Subscribers Q4 2020,"2,652,340"
North America,# of Subscribers Q4 2020,"289,163"
Europe,# of Subscribers Q4 2020,0
Europe,# of Subscribers Q4 2020,0
Europe,# of Subscribers Q4 2020,0
Europe,# of Subscribers Q4 2020,0
Europe,# of Subscribers Q4 2020,0
Europe,# of Subscribers Q4 2020,0
Europe,# of Subscribers Q4 2020,0
Europe,# of Subscribers Q4 2020,0
Europe,# of Subscribers Q4 2020,0
Europe,# of Subscribers Q4 2020,0
Asia,# of Subscribers Q4 2020,"4,600,000"
Asia,# of Subscribers Q4 2020,0
Europe,# of Subscribers Q4 2020,0
Europe,# of Subscribers Q4 2020,0
Asia,# of Subscribers Q4 2020,0
Europe,# of Subscribers Q4 2020,0
Europe,# of Subscribers Q4 2020,0
Europe,# of Subscribers Q4 2020,0
Europe,# of Subscribers Q4 2020,0
North America,# of Subscribers Q4 2020,"8,104,935"
Europe,# of Subscribers Q4 2020,0
Oceania,# of Subscribers Q4 2020,0
Europe,# of Subscribers Q4 2020,"1,910,883"
Europe,# of Subscribers Q4 2020,0
Europe,# of Subscribers Q4 2020,0
Europe,# of Subscribers Q4 2020,0
Europe,# of Subscribers Q4 2020,"180,000"
Asia,# of Subscribers Q4 2020,0
Europe,# of Subscribers Q4 2020,0
Europe,# of Subscribers Q4 2020,0
Africa,# of Subscribers Q4 2020,0
Asia,# of Subscribers Q4 2020,"3,800,000"
Europe,# of Subscribers Q4 2020,0
Europe,# of Subscribers Q4 2020,0
Europe,# of Subscribers Q4 2020,"1,390,937"
Asia,# of Subscribers Q4 2020,"3,000,000"
Asia,# of Subscribers Q4 2020,"414,753"
Europe,# of Subscribers Q4 2020,0
North America,# of Subscribers Q4 2020,0
Asia,# of Subscribers Q4 2020,"300,000"
South America,Average Monthly Revenue per Paying Membership - Q4 2020 ($),7.12
Oceania,Average Monthly Revenue per Paying Membership - Q4 2020 ($),9.32
Europe,Average Monthly Revenue per Paying Membership - Q4 2020 ($),0.0
Europe,Average Monthly Revenue per Paying Membership - Q4 2020 ($),0.0
South America,Average Monthly Revenue per Paying Membership - Q4 2020 ($),7.12
Europe,Average Monthly Revenue per Paying Membership - Q4 2020 ($),0.0
North America,Average Monthly Revenue per Paying Membership - Q4 2020 ($),0.0
South America,Average Monthly Revenue per Paying Membership - Q4 2020 ($),7.12
South America,Average Monthly Revenue per Paying Membership - Q4 2020 ($),7.12
North America,Average Monthly Revenue per Paying Membership - Q4 2020 ($),7.12
Europe,Average Monthly Revenue per Paying Membership - Q4 2020 ($),0.0
Europe,Average Monthly Revenue per Paying Membership - Q4 2020 ($),0.0
Europe,Average Monthly Revenue per Paying Membership - Q4 2020 ($),0.0
Europe,Average Monthly Revenue per Paying Membership - Q4 2020 ($),0.0
Europe,Average Monthly Revenue per Paying Membership - Q4 2020 ($),0.0
Europe,Average Monthly Revenue per Paying Membership - Q4 2020 ($),0.0
Europe,Average Monthly Revenue per Paying Membership - Q4 2020 ($),0.0
Europe,Average Monthly Revenue per Paying Membership - Q4 2020 ($),0.0
Europe,Average Monthly Revenue per Paying Membership - Q4 2020 ($),0.0
Europe,Average Monthly Revenue per Paying Membership - Q4 2020 ($),0.0
Asia,Average Monthly Revenue per Paying Membership - Q4 2020 ($),9.32
Asia,Average Monthly Revenue per Paying Membership - Q4 2020 ($),0.0
Europe,Average Monthly Revenue per Paying Membership - Q4 2020 ($),0.0
Europe,Average Monthly Revenue per Paying Membership - Q4 2020 ($),0.0
Asia,Average Monthly Revenue per Paying Membership - Q4 2020 ($),0.0
Europe,Average Monthly Revenue per Paying Membership - Q4 2020 ($),0.0
Europe,Average Monthly Revenue per Paying Membership - Q4 2020 ($),0.0
Europe,Average Monthly Revenue per Paying Membership - Q4 2020 ($),0.0
Europe,Average Monthly Revenue per Paying Membership - Q4 2020 ($),0.0
North America,Average Monthly Revenue per Paying Membership - Q4 2020 ($),7.12
Europe,Average Monthly Revenue per Paying Membership - Q4 2020 ($),0.0
Oceania,Average Monthly Revenue per Paying Membership - Q4 2020 ($),0.0
Europe,Average Monthly Revenue per Paying Membership - Q4 2020 ($),11.05
Europe,Average Monthly Revenue per Paying Membership - Q4 2020 ($),0.0
Europe,Average Monthly Revenue per Paying Membership - Q4 2020 ($),0.0
Europe,Average Monthly Revenue per Paying Membership - Q4 2020 ($),0.0
Europe,Average Monthly Revenue per Paying Membership - Q4 2020 ($),11.05
Asia,Average Monthly Revenue per Paying Membership - Q4 2020 ($),0.0
Europe,Average Monthly Revenue per Paying Membership - Q4 2020 ($),0.0
Europe,Average Monthly Revenue per Paying Membership - Q4 2020 ($),0.0
Africa,Average Monthly Revenue per Paying Membership - Q4 2020 ($),0.0
Asia,Average Monthly Revenue per Paying Membership - Q4 2020 ($),9.32
Europe,Average Monthly Revenue per Paying Membership - Q4 2020 ($),0.0
Europe,Average Monthly Revenue per Paying Membership - Q4 2020 ($),0.0
Europe,Average Monthly Revenue per Paying Membership - Q4 2020 ($),11.05
Asia,Average Monthly Revenue per Paying Membership - Q4 2020 ($),11.05
Asia,Average Monthly Revenue per Paying Membership - Q4 2020 ($),11.05
Europe,Average Monthly Revenue per Paying Membership - Q4 2020 ($),0.0
North America,Average Monthly Revenue per Paying Membership - Q4 2020 ($),0.0
Asia,Average Monthly Revenue per Paying Membership - Q4 2020 ($),9.32
South America,Q4 2020 Revenue $,"105,147,646"
Oceania,Q4 2020 Revenue $,"163,742,148"
Europe,Q4 2020 Revenue $,0
Europe,Q4 2020 Revenue $,0
South America,Q4 2020 Revenue $,"377,949,040"
Europe,Q4 2020 Revenue $,0
North America,Q4 2020 Revenue $,0
South America,Q4 2020 Revenue $,"19,627,063"
South America,Q4 2020 Revenue $,"56,653,989"
North America,Q4 2020 Revenue $,"6,176,527"
Europe,Q4 2020 Revenue $,0
Europe,Q4 2020 Revenue $,0
Europe,Q4 2020 Revenue $,0
Europe,Q4 2020 Revenue $,0
Europe,Q4 2020 Revenue $,0
Europe,Q4 2020 Revenue $,0
Europe,Q4 2020 Revenue $,0
Europe,Q4 2020 Revenue $,0
Europe,Q4 2020 Revenue $,0
Europe,Q4 2020 Revenue $,0
Asia,Q4 2020 Revenue $,"128,616,000"
Asia,Q4 2020 Revenue $,0
Europe,Q4 2020 Revenue $,0
Europe,Q4 2020 Revenue $,0
Asia,Q4 2020 Revenue $,0
Europe,Q4 2020 Revenue $,0
Europe,Q4 2020 Revenue $,0
Europe,Q4 2020 Revenue $,0
Europe,Q4 2020 Revenue $,0
North America,Q4 2020 Revenue $,"173,121,415"
Europe,Q4 2020 Revenue $,0
Oceania,Q4 2020 Revenue $,0
Europe,Q4 2020 Revenue $,"63,345,787"
Europe,Q4 2020 Revenue $,0
Europe,Q4 2020 Revenue $,0
Europe,Q4 2020 Revenue $,0
Europe,Q4 2020 Revenue $,"5,967,000"
Asia,Q4 2020 Revenue $,0
Europe,Q4 2020 Revenue $,0
Europe,Q4 2020 Revenue $,0
Africa,Q4 2020 Revenue $,0
Asia,Q4 2020 Revenue $,"106,248,000"
Europe,Q4 2020 Revenue $,0
Europe,Q4 2020 Revenue $,0
Europe,Q4 2020 Revenue $,"46,109,555"
Asia,Q4 2020 Revenue $,"99,450,000"
Asia,Q4 2020 Revenue $,"13,749,060"
Europe,Q4 2020 Revenue $,0
North America,Q4 2020 Revenue $,0
Asia,Q4 2020 Revenue $,"8,388,000"
South America,# of Subscribers Q1 2021,"4,968,423"
Oceania,# of Subscribers Q1 2021,"6,169,026"
Europe,# of Subscribers Q1 2021,"927,420"
Europe,# of Subscribers Q1 2021,"1,639,040"
South America,# of Subscribers Q1 2021,"17,858,800"
Europe,# of Subscribers Q1 2021,"171,600"
North America,# of Subscribers Q1 2021,"6,709,076"
South America,# of Subscribers Q1 2021,"927,415"
South America,# of Subscribers Q1 2021,"2,677,007"
North America,# of Subscribers Q1 2021,"291,852"
Europe,# of Subscribers Q1 2021,"114,950"
Europe,# of Subscribers Q1 2021,"49,200"
Europe,# of Subscribers Q1 2021,"455,520"
Europe,# of Subscribers Q1 2021,"918,240"
Europe,# of Subscribers Q1 2021,"52,460"
Europe,# of Subscribers Q1 2021,"735,440"
Europe,# of Subscribers Q1 2021,"8,344,620"
Europe,# of Subscribers Q1 2021,"10,666,560"
Europe,# of Subscribers Q1 2021,"516,450"
Europe,# of Subscribers Q1 2021,"338,100"
Asia,# of Subscribers Q1 2021,"4,845,640"
Asia,# of Subscribers Q1 2021,"850,000"
Europe,# of Subscribers Q1 2021,"528,120"
Europe,# of Subscribers Q1 2021,"3,678,080"
Asia,# of Subscribers Q1 2021,"5,000,000"
Europe,# of Subscribers Q1 2021,"56,700"
Europe,# of Subscribers Q1 2021,"138,030"
Europe,# of Subscribers Q1 2021,"83,520"
Europe,# of Subscribers Q1 2021,"30,090"
North America,# of Subscribers Q1 2021,"8,180,311"
Europe,# of Subscribers Q1 2021,"2,750,000"
Oceania,# of Subscribers Q1 2021,"1,263,190"
Europe,# of Subscribers Q1 2021,"1,962,668"
Europe,# of Subscribers Q1 2021,"1,733,450"
Europe,# of Subscribers Q1 2021,"692,310"
Europe,# of Subscribers Q1 2021,"464,000"
Europe,# of Subscribers Q1 2021,"184,878"
Asia,# of Subscribers Q1 2021,"446,472"
Europe,# of Subscribers Q1 2021,"189,420"
Europe,# of Subscribers Q1 2021,"92,340"
Africa,# of Subscribers Q1 2021,"349,000"
Asia,# of Subscribers Q1 2021,"4,002,920"
Europe,# of Subscribers Q1 2021,"4,762,560"
Europe,# of Subscribers Q1 2021,"1,713,260"
Europe,# of Subscribers Q1 2021,"1,428,631"
Asia,# of Subscribers Q1 2021,"3,081,300"
Asia,# of Subscribers Q1 2021,"425,993"
Europe,# of Subscribers Q1 2021,"12,716,400"
North America,# of Subscribers Q1 2021,"67,670,924"
Asia,# of Subscribers Q1 2021,"316,020"
South America,Average Monthly Revenue per Paying Membership - Q1 2021 ($),7.39
Oceania,Average Monthly Revenue per Paying Membership - Q1 2021 ($),9.71
Europe,Average Monthly Revenue per Paying Membership - Q1 2021 ($),11.56
Europe,Average Monthly Revenue per Paying Membership - Q1 2021 ($),11.56
South America,Average Monthly Revenue per Paying Membership - Q1 2021 ($),7.39
Europe,Average Monthly Revenue per Paying Membership - Q1 2021 ($),11.56
North America,Average Monthly Revenue per Paying Membership - Q1 2021 ($),14.25
South America,Average Monthly Revenue per Paying Membership - Q1 2021 ($),7.39
South America,Average Monthly Revenue per Paying Membership - Q1 2021 ($),7.39
North America,Average Monthly Revenue per Paying Membership - Q1 2021 ($),7.39
Europe,Average Monthly Revenue per Paying Membership - Q1 2021 ($),11.56
Europe,Average Monthly Revenue per Paying Membership - Q1 2021 ($),11.56
Europe,Average Monthly Revenue per Paying Membership - Q1 2021 ($),11.56
Europe,Average Monthly Revenue per Paying Membership - Q1 2021 ($),11.56
Europe,Average Monthly Revenue per Paying Membership - Q1 2021 ($),11.56
Europe,Average Monthly Revenue per Paying Membership - Q1 2021 ($),11.56
Europe,Average Monthly Revenue per Paying Membership - Q1 2021 ($),11.56
Europe,Average Monthly Revenue per Paying Membership - Q1 2021 ($),11.56
Europe,Average Monthly Revenue per Paying Membership - Q1 2021 ($),11.56
Europe,Average Monthly Revenue per Paying Membership - Q1 2021 ($),11.56
Asia,Average Monthly Revenue per Paying Membership - Q1 2021 ($),9.71
Asia,Average Monthly Revenue per Paying Membership - Q1 2021 ($),9.71
Europe,Average Monthly Revenue per Paying Membership - Q1 2021 ($),11.56
Europe,Average Monthly Revenue per Paying Membership - Q1 2021 ($),11.56
Asia,Average Monthly Revenue per Paying Membership - Q1 2021 ($),9.71
Europe,Average Monthly Revenue per Paying Membership - Q1 2021 ($),11.56
Europe,Average Monthly Revenue per Paying Membership - Q1 2021 ($),11.56
Europe,Average Monthly Revenue per Paying Membership - Q1 2021 ($),11.56
Europe,Average Monthly Revenue per Paying Membership - Q1 2021 ($),11.56
North America,Average Monthly Revenue per Paying Membership - Q1 2021 ($),7.39
Europe,Average Monthly Revenue per Paying Membership - Q1 2021 ($),11.56
Oceania,Average Monthly Revenue per Paying Membership - Q1 2021 ($),9.71
Europe,Average Monthly Revenue per Paying Membership - Q1 2021 ($),11.56
Europe,Average Monthly Revenue per Paying Membership - Q1 2021 ($),11.56
Europe,Average Monthly Revenue per Paying Membership - Q1 2021 ($),11.56
Europe,Average Monthly Revenue per Paying Membership - Q1 2021 ($),11.56
Europe,Average Monthly Revenue per Paying Membership - Q1 2021 ($),11.56
Asia,Average Monthly Revenue per Paying Membership - Q1 2021 ($),9.71
Europe,Average Monthly Revenue per Paying Membership - Q1 2021 ($),11.56
Europe,Average Monthly Revenue per Paying Membership - Q1 2021 ($),11.56
Africa,Average Monthly Revenue per Paying Membership - Q1 2021 ($),11.56
Asia,Average Monthly Revenue per Paying Membership - Q1 2021 ($),9.71
Europe,Average Monthly Revenue per Paying Membership - Q1 2021 ($),11.56
Europe,Average Monthly Revenue per Paying Membership - Q1 2021 ($),11.56
Europe,Average Monthly Revenue per Paying Membership - Q1 2021 ($),11.56
Asia,Average Monthly Revenue per Paying Membership - Q1 2021 ($),11.56
Asia,Average Monthly Revenue per Paying Membership - Q1 2021 ($),11.56
Europe,Average Monthly Revenue per Paying Membership - Q1 2021 ($),11.56
North America,Average Monthly Revenue per Paying Membership - Q1 2021 ($),14.25
Asia,Average Monthly Revenue per Paying Membership - Q1 2021 ($),9.71
South America,Q1 2021 Revenue $,"110,149,942"
Oceania,Q1 2021 Revenue $,"179,703,740"
Europe,Q1 2021 Revenue $,"32,162,926"
Europe,Q1 2021 Revenue $,"56,841,907"
South America,Q1 2021 Revenue $,"395,929,594"
Europe,Q1 2021 Revenue $,"5,951,088"
North America,Q1 2021 Revenue $,"286,812,999"
South America,Q1 2021 Revenue $,"20,560,801"
South America,Q1 2021 Revenue $,"59,349,247"
North America,Q1 2021 Revenue $,"6,470,369"
Europe,Q1 2021 Revenue $,"3,986,466"
Europe,Q1 2021 Revenue $,"1,706,256"
Europe,Q1 2021 Revenue $,"15,797,434"
Europe,Q1 2021 Revenue $,"31,844,563"
Europe,Q1 2021 Revenue $,"1,819,313"
Europe,Q1 2021 Revenue $,"25,505,059"
Europe,Q1 2021 Revenue $,"289,391,422"
Europe,Q1 2021 Revenue $,"369,916,301"
Europe,Q1 2021 Revenue $,"17,910,486"
Europe,Q1 2021 Revenue $,"11,725,308"
Asia,Q1 2021 Revenue $,"141,153,493"
Asia,Q1 2021 Revenue $,"24,760,500"
Europe,Q1 2021 Revenue $,"18,315,202"
Europe,Q1 2021 Revenue $,"127,555,814"
Asia,Q1 2021 Revenue $,"145,650,000"
Europe,Q1 2021 Revenue $,"1,966,356"
Europe,Q1 2021 Revenue $,"4,786,880"
Europe,Q1 2021 Revenue $,"2,896,474"
Europe,Q1 2021 Revenue $,"1,043,521"
North America,Q1 2021 Revenue $,"181,357,496"
Europe,Q1 2021 Revenue $,"95,370,000"
Oceania,Q1 2021 Revenue $,"36,796,725"
Europe,Q1 2021 Revenue $,"68,065,341"
Europe,Q1 2021 Revenue $,"60,116,046"
Europe,Q1 2021 Revenue $,"24,009,311"
Europe,Q1 2021 Revenue $,"16,091,520"
Europe,Q1 2021 Revenue $,"6,411,569"
Asia,Q1 2021 Revenue $,"13,005,729"
Europe,Q1 2021 Revenue $,"6,569,086"
Europe,Q1 2021 Revenue $,"3,202,351"
Africa,Q1 2021 Revenue $,"12,103,320"
Asia,Q1 2021 Revenue $,"116,605,060"
Europe,Q1 2021 Revenue $,"165,165,581"
Europe,Q1 2021 Revenue $,"59,415,857"
Europe,Q1 2021 Revenue $,"49,544,930"
Asia,Q1 2021 Revenue $,"106,859,484"
Asia,Q1 2021 Revenue $,"14,773,428"
Europe,Q1 2021 Revenue $,"441,004,752"
North America,Q1 2021 Revenue $,"2,892,932,001"
Asia,Q1 2021 Revenue $,"9,205,663"
South America,# of Subscribers Q2 2021,"5,069,282"
Oceania,# of Subscribers Q2 2021,"6,405,917"
Europe,# of Subscribers Q2 2021,"930,017"
Europe,# of Subscribers Q2 2021,"1,643,629"
South America,# of Subscribers Q2 2021,"18,221,334"
Europe,# of Subscribers Q2 2021,"172,080"
North America,# of Subscribers Q2 2021,"6,670,163"
South America,# of Subscribers Q2 2021,"946,242"
South America,# of Subscribers Q2 2021,"2,731,350"
North America,# of Subscribers Q2 2021,"297,777"
Europe,# of Subscribers Q2 2021,"115,272"
Europe,# of Subscribers Q2 2021,"49,338"
Europe,# of Subscribers Q2 2021,"456,795"
Europe,# of Subscribers Q2 2021,"920,811"
Europe,# of Subscribers Q2 2021,"52,607"
Europe,# of Subscribers Q2 2021,"737,499"
Europe,# of Subscribers Q2 2021,"8,367,985"
Europe,# of Subscribers Q2 2021,"10,696,426"
Europe,# of Subscribers Q2 2021,"517,896"
Europe,# of Subscribers Q2 2021,"339,047"
Asia,# of Subscribers Q2 2021,"5,031,713"
Asia,# of Subscribers Q2 2021,"882,640"
Europe,# of Subscribers Q2 2021,"529,599"
Europe,# of Subscribers Q2 2021,"3,688,379"
Asia,# of Subscribers Q2 2021,"5,192,000"
Europe,# of Subscribers Q2 2021,"56,859"
Europe,# of Subscribers Q2 2021,"138,416"
Europe,# of Subscribers Q2 2021,"83,754"
Europe,# of Subscribers Q2 2021,"30,174"
North America,# of Subscribers Q2 2021,"8,346,371"
Europe,# of Subscribers Q2 2021,"2,757,700"
Oceania,# of Subscribers Q2 2021,"1,311,696"
Europe,# of Subscribers Q2 2021,"1,968,164"
Europe,# of Subscribers Q2 2021,"1,738,304"
Europe,# of Subscribers Q2 2021,"694,248"
Europe,# of Subscribers Q2 2021,"465,299"
Europe,# of Subscribers Q2 2021,"185,396"
Asia,# of Subscribers Q2 2021,"463,617"
Europe,# of Subscribers Q2 2021,"189,950"
Europe,# of Subscribers Q2 2021,"92,599"
Africa,# of Subscribers Q2 2021,"349,977"
Asia,# of Subscribers Q2 2021,"4,156,632"
Europe,# of Subscribers Q2 2021,"4,775,895"
Europe,# of Subscribers Q2 2021,"1,718,057"
Europe,# of Subscribers Q2 2021,"1,432,631"
Asia,# of Subscribers Q2 2021,"3,089,928"
Asia,# of Subscribers Q2 2021,"427,186"
Europe,# of Subscribers Q2 2021,"12,752,006"
North America,# of Subscribers Q2 2021,"67,278,433"
Asia,# of Subscribers Q2 2021,"328,155"
South America,Average Monthly Revenue per Paying Membership - Q2 2021 ($),7.5
Oceania,Average Monthly Revenue per Paying Membership - Q2 2021 ($),9.74
Europe,Average Monthly Revenue per Paying Membership - Q2 2021 ($),11.66
Europe,Average Monthly Revenue per Paying Membership - Q2 2021 ($),11.66
South America,Average Monthly Revenue per Paying Membership - Q2 2021 ($),7.5
Europe,Average Monthly Revenue per Paying Membership - Q2 2021 ($),11.66
North America,Average Monthly Revenue per Paying Membership - Q2 2021 ($),14.54
South America,Average Monthly Revenue per Paying Membership - Q2 2021 ($),7.5
South America,Average Monthly Revenue per Paying Membership - Q2 2021 ($),7.5
North America,Average Monthly Revenue per Paying Membership - Q2 2021 ($),7.5
Europe,Average Monthly Revenue per Paying Membership - Q2 2021 ($),11.66
Europe,Average Monthly Revenue per Paying Membership - Q2 2021 ($),11.66
Europe,Average Monthly Revenue per Paying Membership - Q2 2021 ($),11.66
Europe,Average Monthly Revenue per Paying Membership - Q2 2021 ($),11.66
Europe,Average Monthly Revenue per Paying Membership - Q2 2021 ($),11.66
Europe,Average Monthly Revenue per Paying Membership - Q2 2021 ($),11.66
Europe,Average Monthly Revenue per Paying Membership - Q2 2021 ($),11.66
Europe,Average Monthly Revenue per Paying Membership - Q2 2021 ($),11.66
Europe,Average Monthly Revenue per Paying Membership - Q2 2021 ($),11.66
Europe,Average Monthly Revenue per Paying Membership - Q2 2021 ($),11.66
Asia,Average Monthly Revenue per Paying Membership - Q2 2021 ($),9.74
Asia,Average Monthly Revenue per Paying Membership - Q2 2021 ($),9.74
Europe,Average Monthly Revenue per Paying Membership - Q2 2021 ($),11.66
Europe,Average Monthly Revenue per Paying Membership - Q2 2021 ($),11.66
Asia,Average Monthly Revenue per Paying Membership - Q2 2021 ($),9.74
Europe,Average Monthly Revenue per Paying Membership - Q2 2021 ($),11.66
Europe,Average Monthly Revenue per Paying Membership - Q2 2021 ($),11.66
Europe,Average Monthly Revenue per Paying Membership - Q2 2021 ($),11.66
Europe,Average Monthly Revenue per Paying Membership - Q2 2021 ($),11.66
North America,Average Monthly Revenue per Paying Membership - Q2 2021 ($),7.5
Europe,Average Monthly Revenue per Paying Membership - Q2 2021 ($),11.66
Oceania,Average Monthly Revenue per Paying Membership - Q2 2021 ($),9.74
Europe,Average Monthly Revenue per Paying Membership - Q2 2021 ($),11.66
Europe,Average Monthly Revenue per Paying Membership - Q2 2021 ($),11.66
Europe,Average Monthly Revenue per Paying Membership - Q2 2021 ($),11.66
Europe,Average Monthly Revenue per Paying Membership - Q2 2021 ($),11.66
Europe,Average Monthly Revenue per Paying Membership - Q2 2021 ($),11.66
Asia,Average Monthly Revenue per Paying Membership - Q2 2021 ($),9.74
Europe,Average Monthly Revenue per Paying Membership - Q2 2021 ($),11.66
Europe,Average Monthly Revenue per Paying Membership - Q2 2021 ($),11.66
Africa,Average Monthly Revenue per Paying Membership - Q2 2021 ($),11.66
Asia,Average Monthly Revenue per Paying Membership - Q2 2021 ($),9.74
Europe,Average Monthly Revenue per Paying Membership - Q2 2021 ($),11.66
Europe,Average Monthly Revenue per Paying Membership - Q2 2021 ($),11.66
Europe,Average Monthly Revenue per Paying Membership - Q2 2021 ($),11.66
Asia,Average Monthly Revenue per Paying Membership - Q2 2021 ($),11.66
Asia,Average Monthly Revenue per Paying Membership - Q2 2021 ($),11.66
Europe,Average Monthly Revenue per Paying Membership - Q2 2021 ($),11.66
North America,Average Monthly Revenue per Paying Membership - Q2 2021 ($),14.54
Asia,Average Monthly Revenue per Paying Membership - Q2 2021 ($),9.74
South America,Q2 2021 Revenue $,"114,058,849"
Oceania,Q2 2021 Revenue $,"187,180,896"
Europe,Q2 2021 Revenue $,"32,531,987"
Europe,Q2 2021 Revenue $,"57,494,153"
South America,Q2 2021 Revenue $,"409,980,005"
Europe,Q2 2021 Revenue $,"6,019,375"
North America,Q2 2021 Revenue $,"290,952,526"
South America,Q2 2021 Revenue $,"21,290,445"
South America,Q2 2021 Revenue $,"61,455,382"
North America,Q2 2021 Revenue $,"6,699,984"
Europe,Q2 2021 Revenue $,"4,032,210"
Europe,Q2 2021 Revenue $,"1,725,835"
Europe,Q2 2021 Revenue $,"15,978,705"
Europe,Q2 2021 Revenue $,"32,209,971"
Europe,Q2 2021 Revenue $,"1,840,189"
Europe,Q2 2021 Revenue $,"25,797,723"
Europe,Q2 2021 Revenue $,"292,712,113"
Europe,Q2 2021 Revenue $,"374,160,994"
Europe,Q2 2021 Revenue $,"18,116,004"
Europe,Q2 2021 Revenue $,"11,859,853"
Asia,Q2 2021 Revenue $,"147,026,641"
Asia,Q2 2021 Revenue $,"25,790,741"
Europe,Q2 2021 Revenue $,"18,525,364"
Europe,Q2 2021 Revenue $,"129,019,484"
Asia,Q2 2021 Revenue $,"151,710,240"
Europe,Q2 2021 Revenue $,"1,988,919"
Europe,Q2 2021 Revenue $,"4,841,809"
Europe,Q2 2021 Revenue $,"2,929,710"
Europe,Q2 2021 Revenue $,"1,055,495"
North America,Q2 2021 Revenue $,"187,793,355"
Europe,Q2 2021 Revenue $,"96,464,346"
Oceania,Q2 2021 Revenue $,"38,327,772"
Europe,Q2 2021 Revenue $,"68,846,373"
Europe,Q2 2021 Revenue $,"60,805,862"
Europe,Q2 2021 Revenue $,"24,284,811"
Europe,Q2 2021 Revenue $,"16,276,166"
Europe,Q2 2021 Revenue $,"6,485,140"
Asia,Q2 2021 Revenue $,"13,546,875"
Europe,Q2 2021 Revenue $,"6,644,464"
Europe,Q2 2021 Revenue $,"3,239,097"
Africa,Q2 2021 Revenue $,"12,242,202"
Asia,Q2 2021 Revenue $,"121,456,791"
Europe,Q2 2021 Revenue $,"167,060,813"
Europe,Q2 2021 Revenue $,"60,097,638"
Europe,Q2 2021 Revenue $,"50,113,445"
Asia,Q2 2021 Revenue $,"108,085,669"
Asia,Q2 2021 Revenue $,"14,942,949"
Europe,Q2 2021 Revenue $,"446,065,167"
North America,Q2 2021 Revenue $,"2,934,685,232"
Asia,Q2 2021 Revenue $,"9,588,694"
South America,# of Subscribers Q3 2021,"5,154,101"
Oceania,# of Subscribers Q3 2021,"6,513,101"
Europe,# of Subscribers Q3 2021,"945,578"
Europe,# of Subscribers Q3 2021,"1,671,131"
South America,# of Subscribers Q3 2021,"18,526,213"
Europe,# of Subscribers Q3 2021,"174,960"
North America,# of Subscribers Q3 2021,"6,781,769"
South America,# of Subscribers Q3 2021,"962,075"
South America,# of Subscribers Q3 2021,"2,777,051"
North America,# of Subscribers Q3 2021,"302,759"
Europe,# of Subscribers Q3 2021,"117,201"
Europe,# of Subscribers Q3 2021,"50,163"
Europe,# of Subscribers Q3 2021,"464,439"
Europe,# of Subscribers Q3 2021,"936,218"
Europe,# of Subscribers Q3 2021,"53,487"
Europe,# of Subscribers Q3 2021,"749,839"
Europe,# of Subscribers Q3 2021,"8,507,998"
Europe,# of Subscribers Q3 2021,"10,875,399"
Europe,# of Subscribers Q3 2021,"526,561"
Europe,# of Subscribers Q3 2021,"344,720"
Asia,# of Subscribers Q3 2021,"5,115,903"
Asia,# of Subscribers Q3 2021,"897,408"
Europe,# of Subscribers Q3 2021,"538,460"
Europe,# of Subscribers Q3 2021,"3,750,093"
Asia,# of Subscribers Q3 2021,"5,278,873"
Europe,# of Subscribers Q3 2021,"57,810"
Europe,# of Subscribers Q3 2021,"140,732"
Europe,# of Subscribers Q3 2021,"85,155"
Europe,# of Subscribers Q3 2021,"30,679"
North America,# of Subscribers Q3 2021,"8,486,023"
Europe,# of Subscribers Q3 2021,"2,803,842"
Oceania,# of Subscribers Q3 2021,"1,333,644"
Europe,# of Subscribers Q3 2021,"2,001,095"
Europe,# of Subscribers Q3 2021,"1,767,389"
Europe,# of Subscribers Q3 2021,"705,865"
Europe,# of Subscribers Q3 2021,"473,085"
Europe,# of Subscribers Q3 2021,"188,498"
Asia,# of Subscribers Q3 2021,"471,374"
Europe,# of Subscribers Q3 2021,"193,129"
Europe,# of Subscribers Q3 2021,"94,148"
Africa,# of Subscribers Q3 2021,"355,833"
Asia,# of Subscribers Q3 2021,"4,226,181"
Europe,# of Subscribers Q3 2021,"4,855,805"
Europe,# of Subscribers Q3 2021,"1,746,804"
Europe,# of Subscribers Q3 2021,"1,456,602"
Asia,# of Subscribers Q3 2021,"3,141,628"
Asia,# of Subscribers Q3 2021,"434,333"
Europe,# of Subscribers Q3 2021,"12,965,372"
North America,# of Subscribers Q3 2021,"68,404,135"
Asia,# of Subscribers Q3 2021,"333,646"
South America,Q3 2021 Revenue $,"115,967,282"
Oceania,Q3 2021 Revenue $,"190,312,806"
Europe,Q3 2021 Revenue $,"33,076,312"
Europe,Q3 2021 Revenue $,"58,456,146"
South America,Q3 2021 Revenue $,"416,839,790"
Europe,Q3 2021 Revenue $,"6,120,091"
North America,Q3 2021 Revenue $,"295,820,743"
South America,Q3 2021 Revenue $,"21,646,677"
South America,Q3 2021 Revenue $,"62,483,654"
North America,Q3 2021 Revenue $,"6,812,088"
Europe,Q3 2021 Revenue $,"4,099,677"
Europe,Q3 2021 Revenue $,"1,754,712"
Europe,Q3 2021 Revenue $,"16,246,061"
Europe,Q3 2021 Revenue $,"32,748,909"
Europe,Q3 2021 Revenue $,"1,870,979"
Europe,Q3 2021 Revenue $,"26,229,371"
Europe,Q3 2021 Revenue $,"297,609,772"
Europe,Q3 2021 Revenue $,"380,421,456"
Europe,Q3 2021 Revenue $,"18,419,121"
Europe,Q3 2021 Revenue $,"12,058,292"
Asia,Q3 2021 Revenue $,"149,486,691"
Asia,Q3 2021 Revenue $,"26,222,271"
Europe,Q3 2021 Revenue $,"18,835,330"
Europe,Q3 2021 Revenue $,"131,178,238"
Asia,Q3 2021 Revenue $,"154,248,656"
Europe,Q3 2021 Revenue $,"2,022,198"
Europe,Q3 2021 Revenue $,"4,922,822"
Europe,Q3 2021 Revenue $,"2,978,730"
Europe,Q3 2021 Revenue $,"1,073,156"
North America,Q3 2021 Revenue $,"190,935,514"
Europe,Q3 2021 Revenue $,"98,078,387"
Oceania,Q3 2021 Revenue $,"38,969,072"
Europe,Q3 2021 Revenue $,"69,998,310"
Europe,Q3 2021 Revenue $,"61,823,266"
Europe,Q3 2021 Revenue $,"24,691,145"
Europe,Q3 2021 Revenue $,"16,548,499"
Europe,Q3 2021 Revenue $,"6,593,649"
Asia,Q3 2021 Revenue $,"13,773,541"
Europe,Q3 2021 Revenue $,"6,755,639"
Europe,Q3 2021 Revenue $,"3,293,294"
Africa,Q3 2021 Revenue $,"12,447,039"
Asia,Q3 2021 Revenue $,"123,489,006"
Europe,Q3 2021 Revenue $,"169,856,074"
Europe,Q3 2021 Revenue $,"61,103,192"
Europe,Q3 2021 Revenue $,"50,951,943"
Asia,Q3 2021 Revenue $,"109,894,158"
Asia,Q3 2021 Revenue $,"15,192,975"
Europe,Q3 2021 Revenue $,"453,528,729"
North America,Q3 2021 Revenue $,"2,983,788,385"
Asia,Q3 2021 Revenue $,"9,749,132"
South America,# of Subscribers Q4 2021,"5,240,340"
Oceania,# of Subscribers Q4 2021,"6,622,078"
Europe,# of Subscribers Q4 2021,"961,399"
Europe,# of Subscribers Q4 2021,"1,699,092"
South America,# of Subscribers Q4 2021,"18,836,193"
Europe,# of Subscribers Q4 2021,"177,887"
North America,# of Subscribers Q4 2021,"6,895,241"
South America,# of Subscribers Q4 2021,"978,172"
South America,# of Subscribers Q4 2021,"2,823,517"
North America,# of Subscribers Q4 2021,"307,825"
Europe,# of Subscribers Q4 2021,"119,162"
Europe,# of Subscribers Q4 2021,"51,003"
Europe,# of Subscribers Q4 2021,"472,210"
Europe,# of Subscribers Q4 2021,"951,883"
Europe,# of Subscribers Q4 2021,"54,382"
Europe,# of Subscribers Q4 2021,"762,385"
Europe,# of Subscribers Q4 2021,"8,650,354"
Europe,# of Subscribers Q4 2021,"11,057,366"
Europe,# of Subscribers Q4 2021,"535,372"
Europe,# of Subscribers Q4 2021,"350,487"
Asia,# of Subscribers Q4 2021,"5,201,502"
Asia,# of Subscribers Q4 2021,"912,424"
Europe,# of Subscribers Q4 2021,"547,469"
Europe,# of Subscribers Q4 2021,"3,812,839"
Asia,# of Subscribers Q4 2021,"5,367,199"
Europe,# of Subscribers Q4 2021,"58,777"
Europe,# of Subscribers Q4 2021,"143,087"
Europe,# of Subscribers Q4 2021,"86,580"
Europe,# of Subscribers Q4 2021,"31,192"
North America,# of Subscribers Q4 2021,"8,628,011"
Europe,# of Subscribers Q4 2021,"2,850,756"
Oceania,# of Subscribers Q4 2021,"1,355,958"
Europe,# of Subscribers Q4 2021,"2,034,578"
Europe,# of Subscribers Q4 2021,"1,796,961"
Europe,# of Subscribers Q4 2021,"717,675"
Europe,# of Subscribers Q4 2021,"481,000"
Europe,# of Subscribers Q4 2021,"191,652"
Asia,# of Subscribers Q4 2021,"479,261"
Europe,# of Subscribers Q4 2021,"196,360"
Europe,# of Subscribers Q4 2021,"95,723"
Africa,# of Subscribers Q4 2021,"361,787"
Asia,# of Subscribers Q4 2021,"4,296,893"
Europe,# of Subscribers Q4 2021,"4,937,053"
Europe,# of Subscribers Q4 2021,"1,776,031"
Europe,# of Subscribers Q4 2021,"1,480,974"
Asia,# of Subscribers Q4 2021,"3,194,194"
Asia,# of Subscribers Q4 2021,"441,600"
Europe,# of Subscribers Q4 2021,"13,182,309"
North America,# of Subscribers Q4 2021,"69,548,673"
Asia,# of Subscribers Q4 2021,"339,228"
South America,Q4 2021 Revenue $,"117,907,646"
Oceania,Q4 2021 Revenue $,"193,497,120"
Europe,Q4 2021 Revenue $,"33,629,745"
Europe,Q4 2021 Revenue $,"59,434,234"
South America,Q4 2021 Revenue $,"423,814,354"
Europe,Q4 2021 Revenue $,"6,222,493"
North America,Q4 2021 Revenue $,"300,770,416"
South America,Q4 2021 Revenue $,"22,008,869"
South America,Q4 2021 Revenue $,"63,529,130"
North America,Q4 2021 Revenue $,"6,926,068"
Europe,Q4 2021 Revenue $,"4,168,272"
Europe,Q4 2021 Revenue $,"1,784,071"
Europe,Q4 2021 Revenue $,"16,517,890"
Europe,Q4 2021 Revenue $,"33,296,863"
Europe,Q4 2021 Revenue $,"1,902,284"
Europe,Q4 2021 Revenue $,"26,668,240"
Europe,Q4 2021 Revenue $,"302,589,379"
Europe,Q4 2021 Revenue $,"386,786,668"
Europe,Q4 2021 Revenue $,"18,727,310"
Europe,Q4 2021 Revenue $,"12,260,051"
Asia,Q4 2021 Revenue $,"151,987,903"
Asia,Q4 2021 Revenue $,"26,661,023"
Europe,Q4 2021 Revenue $,"19,150,483"
Europe,Q4 2021 Revenue $,"133,373,113"
Asia,Q4 2021 Revenue $,"156,829,544"
Europe,Q4 2021 Revenue $,"2,056,033"
Europe,Q4 2021 Revenue $,"5,005,190"
Europe,Q4 2021 Revenue $,"3,028,570"
Europe,Q4 2021 Revenue $,"1,091,112"
North America,Q4 2021 Revenue $,"194,130,247"
Europe,Q4 2021 Revenue $,"99,719,435"
Oceania,Q4 2021 Revenue $,"39,621,102"
Europe,Q4 2021 Revenue $,"71,169,522"
Europe,Q4 2021 Revenue $,"62,857,693"
Europe,Q4 2021 Revenue $,"25,104,277"
Europe,Q4 2021 Revenue $,"16,825,388"
Europe,Q4 2021 Revenue $,"6,703,974"
Asia,Q4 2021 Revenue $,"14,004,000"
Europe,Q4 2021 Revenue $,"6,868,675"
Europe,Q4 2021 Revenue $,"3,348,397"
Africa,Q4 2021 Revenue $,"12,655,303"
Asia,Q4 2021 Revenue $,"125,555,224"
Europe,Q4 2021 Revenue $,"172,698,106"
Europe,Q4 2021 Revenue $,"62,125,571"
Europe,Q4 2021 Revenue $,"51,804,471"
Asia,Q4 2021 Revenue $,"111,732,907"
Asia,Q4 2021 Revenue $,"15,447,183"
Europe,Q4 2021 Revenue $,"461,117,172"
North America,Q4 2021 Revenue $,"3,033,713,132"
Asia,Q4 2021 Revenue $,"9,912,255"
